{"start":2,"checklink":[],"persons":{"2":{"id":2,"title":null,"name":"Albert Augustus Charles\/\/","appellative":null,"uid":null,"email":null,"phone":null,"birthday":null,"deathday":null,"bank":null,"bank_account":null,"obs":null,"created_by":null,"updated_by":null,"created_at":"2021-05-19T12:06:14.000000Z","updated_at":"2021-05-19T12:06:49.000000Z","gid":null,"givn":"Albert Augustus Charles\/\/","surn":null,"type":null,"npfx":null,"nick":null,"spfx":null,"nsfx":null,"sex":"M","description":null,"child_in_family_id":43,"deleted_at":null,"chan":null,"rin":null,"resn":null,"rfn":null,"afn":null,"own_unions":["u1"],"parent_union":"u43"},"137":{"id":137,"title":null,"name":"Ernest_I of_Saxe-Coburg- Saalfeld\/\/","appellative":null,"uid":null,"email":null,"phone":null,"birthday":null,"deathday":null,"bank":null,"bank_account":null,"obs":null,"created_by":null,"updated_by":null,"created_at":"2021-05-19T12:06:15.000000Z","updated_at":"2021-05-19T12:07:09.000000Z","gid":null,"givn":"Ernest_I of_Saxe-Coburg- Saalfeld\/\/","surn":null,"type":null,"npfx":null,"nick":null,"spfx":null,"nsfx":null,"sex":"M","description":null,"child_in_family_id":1134,"deleted_at":null,"chan":null,"rin":null,"resn":null,"rfn":null,"afn":null,"own_unions":["u43","u1354"],"parent_union":"u1134"},"2054":{"id":2054,"title":null,"name":"Francis Frederick of_Saxe-Coburg\/\/","appellative":null,"uid":null,"email":null,"phone":null,"birthday":null,"deathday":null,"bank":null,"bank_account":null,"obs":null,"created_by":null,"updated_by":null,"created_at":"2021-05-19T12:06:41.000000Z","updated_at":"2021-05-19T12:07:13.000000Z","gid":null,"givn":"Francis Frederick of_Saxe-Coburg\/\/","surn":null,"type":null,"npfx":null,"nick":null,"spfx":null,"nsfx":null,"sex":"M","description":null,"child_in_family_id":1346,"deleted_at":null,"chan":null,"rin":null,"resn":null,"rfn":null,"afn":null,"own_unions":["u70","u1134","u1353"],"parent_union":"u1346"},"2192":{"id":2192,"title":null,"name":"Augusta Reuss-Ebersdorf \/\/","appellative":null,"uid":null,"email":null,"phone":null,"birthday":null,"deathday":null,"bank":null,"bank_account":null,"obs":null,"created_by":null,"updated_by":null,"created_at":"2021-05-19T12:06:43.000000Z","updated_at":"2021-05-19T12:07:10.000000Z","gid":null,"givn":"Augusta Reuss-Ebersdorf \/\/","surn":null,"type":null,"npfx":null,"nick":null,"spfx":null,"nsfx":null,"sex":"F","description":null,"child_in_family_id":1214,"deleted_at":null,"chan":null,"rin":null,"resn":null,"rfn":null,"afn":null,"own_unions":[1134],"parent_union":"u1214"},"440":{"id":440,"title":null,"name":"Sophia  \/\/","appellative":null,"uid":null,"email":null,"phone":null,"birthday":null,"deathday":null,"bank":null,"bank_account":null,"obs":null,"created_by":null,"updated_by":null,"created_at":"2021-05-19T12:06:19.000000Z","updated_at":"2021-05-19T18:36:15.000000Z","gid":null,"givn":"Sophia  \/\/","surn":null,"type":null,"npfx":null,"nick":null,"spfx":null,"nsfx":null,"sex":"F","description":null,"child_in_family_id":1289,"deleted_at":null,"chan":null,"rin":null,"resn":null,"rfn":null,"afn":null,"own_unions":[156,168,169,1353],"parent_union":"u1289"},"138":{"id":138,"title":null,"name":"Louise of_Saxe-Coburg- Altenburg\/\/","appellative":null,"uid":null,"email":null,"phone":null,"birthday":null,"deathday":null,"bank":null,"bank_account":null,"obs":null,"created_by":null,"updated_by":null,"created_at":"2021-05-19T12:06:15.000000Z","updated_at":"2021-05-19T12:06:15.000000Z","gid":null,"givn":"Louise of_Saxe-Coburg- Altenburg\/\/","surn":null,"type":null,"npfx":null,"nick":null,"spfx":null,"nsfx":null,"sex":"F","description":null,"child_in_family_id":null,"deleted_at":null,"chan":null,"rin":null,"resn":null,"rfn":null,"afn":null,"own_unions":[43],"parent_union":"u"},"1480":{"id":1480,"title":null,"name":"Ernest_II of_Saxe-Coburg- Saalfeld\/\/","appellative":null,"uid":null,"email":null,"phone":null,"birthday":null,"deathday":null,"bank":null,"bank_account":null,"obs":null,"created_by":null,"updated_by":null,"created_at":"2021-05-19T12:06:33.000000Z","updated_at":"2021-05-19T12:06:49.000000Z","gid":null,"givn":"Ernest_II of_Saxe-Coburg- Saalfeld\/\/","surn":null,"type":null,"npfx":null,"nick":null,"spfx":null,"nsfx":null,"sex":"M","description":null,"child_in_family_id":43,"deleted_at":null,"chan":null,"rin":null,"resn":null,"rfn":null,"afn":null,"own_unions":["u1355"],"parent_union":"u43"},"2417":{"id":2417,"title":null,"name":"Alexandrine of_Baden \/\/","appellative":null,"uid":null,"email":null,"phone":null,"birthday":null,"deathday":null,"bank":null,"bank_account":null,"obs":null,"created_by":null,"updated_by":null,"created_at":"2021-05-19T12:06:47.000000Z","updated_at":"2021-05-19T12:06:47.000000Z","gid":null,"givn":"Alexandrine of_Baden \/\/","surn":null,"type":null,"npfx":null,"nick":null,"spfx":null,"nsfx":null,"sex":"F","description":null,"child_in_family_id":null,"deleted_at":null,"chan":null,"rin":null,"resn":null,"rfn":null,"afn":null,"own_unions":[1355],"parent_union":"u"},"204":{"id":204,"title":null,"name":"Mary  \/\/","appellative":null,"uid":null,"email":null,"phone":null,"birthday":null,"deathday":null,"bank":null,"bank_account":null,"obs":null,"created_by":null,"updated_by":null,"created_at":"2021-05-19T12:06:16.000000Z","updated_at":"2021-05-19T18:36:16.000000Z","gid":null,"givn":"Mary  \/\/","surn":null,"type":null,"npfx":null,"nick":null,"spfx":null,"nsfx":null,"sex":"F","description":null,"child_in_family_id":1316,"deleted_at":null,"chan":null,"rin":null,"resn":null,"rfn":null,"afn":null,"own_unions":[229,314,548,611,666,1245,1251,1262,1322,1354],"parent_union":"u1316"},"2375":{"id":2375,"title":null,"name":"Roland  \/Bonaparte\/","appellative":null,"uid":null,"email":null,"phone":null,"birthday":null,"deathday":null,"bank":null,"bank_account":null,"obs":null,"created_by":null,"updated_by":null,"created_at":"2021-05-19T12:06:46.000000Z","updated_at":"2021-05-19T12:06:46.000000Z","gid":null,"givn":"Roland  \/Bonaparte\/","surn":null,"type":null,"npfx":null,"nick":null,"spfx":null,"nsfx":null,"sex":"M","description":null,"child_in_family_id":null,"deleted_at":null,"chan":null,"rin":null,"resn":null,"rfn":null,"afn":null,"own_unions":["u1316"],"parent_union":"u"},"136":{"id":136,"title":null,"name":"Victoria Mary Louisa\/\/","appellative":null,"uid":null,"email":null,"phone":null,"birthday":null,"deathday":null,"bank":null,"bank_account":null,"obs":null,"created_by":null,"updated_by":null,"created_at":"2021-05-19T12:06:15.000000Z","updated_at":"2021-05-19T12:07:09.000000Z","gid":null,"givn":"Victoria Mary Louisa\/\/","surn":null,"type":null,"npfx":null,"nick":null,"spfx":null,"nsfx":null,"sex":"F","description":null,"child_in_family_id":1134,"deleted_at":null,"chan":null,"rin":null,"resn":null,"rfn":null,"afn":null,"own_unions":["u42","u1394"],"parent_union":"u1134"},"131":{"id":131,"title":null,"name":"Edward Augustus \/Hanover\/","appellative":null,"uid":null,"email":null,"phone":null,"birthday":null,"deathday":null,"bank":null,"bank_account":null,"obs":null,"created_by":null,"updated_by":null,"created_at":"2021-05-19T12:06:15.000000Z","updated_at":"2021-05-19T18:36:04.000000Z","gid":null,"givn":"Edward Augustus \/Hanover\/","surn":null,"type":null,"npfx":null,"nick":null,"spfx":null,"nsfx":null,"sex":"M","description":null,"child_in_family_id":105,"deleted_at":null,"chan":null,"rin":null,"resn":null,"rfn":null,"afn":null,"own_unions":["u42"],"parent_union":"u105"},"2475":{"id":2475,"title":null,"name":"Emich Karl of_Leiningen\/\/","appellative":null,"uid":null,"email":null,"phone":null,"birthday":null,"deathday":null,"bank":null,"bank_account":null,"obs":null,"created_by":null,"updated_by":null,"created_at":"2021-05-19T12:06:47.000000Z","updated_at":"2021-05-19T12:06:47.000000Z","gid":null,"givn":"Emich Karl of_Leiningen\/\/","surn":null,"type":null,"npfx":null,"nick":null,"spfx":null,"nsfx":null,"sex":"M","description":null,"child_in_family_id":null,"deleted_at":null,"chan":null,"rin":null,"resn":null,"rfn":null,"afn":null,"own_unions":["u1394"],"parent_union":"u"},"203":{"id":203,"title":null,"name":"Ferdinand  \/\/","appellative":null,"uid":null,"email":null,"phone":null,"birthday":null,"deathday":null,"bank":null,"bank_account":null,"obs":null,"created_by":null,"updated_by":null,"created_at":"2021-05-19T12:06:16.000000Z","updated_at":"2021-05-19T18:36:14.000000Z","gid":null,"givn":"Ferdinand  \/\/","surn":null,"type":null,"npfx":null,"nick":null,"spfx":null,"nsfx":null,"sex":"M","description":null,"child_in_family_id":1134,"deleted_at":null,"chan":null,"rin":null,"resn":null,"rfn":null,"afn":null,"own_unions":["u648","u1356"],"parent_union":"u1134"},"533":{"id":533,"title":null,"name":"Caroline  \/\/","appellative":null,"uid":null,"email":null,"phone":null,"birthday":null,"deathday":null,"bank":null,"bank_account":null,"obs":null,"created_by":null,"updated_by":null,"created_at":"2021-05-19T12:06:21.000000Z","updated_at":"2021-05-19T18:36:11.000000Z","gid":null,"givn":"Caroline  \/\/","surn":null,"type":null,"npfx":null,"nick":null,"spfx":null,"nsfx":null,"sex":"F","description":null,"child_in_family_id":647,"deleted_at":null,"chan":null,"rin":null,"resn":null,"rfn":null,"afn":null,"own_unions":[207,643,645,648,1326],"parent_union":"u647"},"2418":{"id":2418,"title":null,"name":"Antoinette (Antonia) \/Kohary\/","appellative":null,"uid":null,"email":null,"phone":null,"birthday":null,"deathday":null,"bank":null,"bank_account":null,"obs":null,"created_by":null,"updated_by":null,"created_at":"2021-05-19T12:06:47.000000Z","updated_at":"2021-05-19T12:06:47.000000Z","gid":null,"givn":"Antoinette (Antonia) \/Kohary\/","surn":null,"type":null,"npfx":null,"nick":null,"spfx":null,"nsfx":null,"sex":"F","description":null,"child_in_family_id":null,"deleted_at":null,"chan":null,"rin":null,"resn":null,"rfn":null,"afn":null,"own_unions":[1356],"parent_union":"u"},"880":{"id":880,"title":null,"name":"Sophie  \/\/","appellative":null,"uid":null,"email":null,"phone":null,"birthday":null,"deathday":null,"bank":null,"bank_account":null,"obs":null,"created_by":null,"updated_by":null,"created_at":"2021-05-19T12:06:25.000000Z","updated_at":"2021-05-19T18:36:14.000000Z","gid":null,"givn":"Sophie  \/\/","surn":null,"type":null,"npfx":null,"nick":null,"spfx":null,"nsfx":null,"sex":"F","description":null,"child_in_family_id":1134,"deleted_at":null,"chan":null,"rin":null,"resn":null,"rfn":null,"afn":null,"own_unions":["u532","u639","u659","u1398"],"parent_union":"u1134"},"706":{"id":706,"title":null,"name":"\/\/","appellative":null,"uid":null,"email":null,"phone":null,"birthday":null,"deathday":null,"bank":null,"bank_account":null,"obs":null,"created_by":null,"updated_by":null,"created_at":"2021-05-19T12:06:23.000000Z","updated_at":"2021-05-19T12:06:23.000000Z","gid":null,"givn":"\/\/","surn":null,"type":null,"npfx":null,"nick":null,"spfx":null,"nsfx":null,"sex":"M","description":null,"child_in_family_id":null,"deleted_at":null,"chan":null,"rin":null,"resn":null,"rfn":null,"afn":null,"own_unions":["u287","u288","u532","u666"],"parent_union":"u"},"693":{"id":693,"title":null,"name":"Frederick_I  \/\/","appellative":null,"uid":null,"email":null,"phone":null,"birthday":null,"deathday":null,"bank":null,"bank_account":null,"obs":null,"created_by":null,"updated_by":null,"created_at":"2021-05-19T12:06:23.000000Z","updated_at":"2021-05-19T18:36:12.000000Z","gid":null,"givn":"Frederick_I  \/\/","surn":null,"type":null,"npfx":null,"nick":null,"spfx":null,"nsfx":null,"sex":"M","description":null,"child_in_family_id":736,"deleted_at":null,"chan":null,"rin":null,"resn":null,"rfn":null,"afn":null,"own_unions":["u267","u435","u436","u638","u639"],"parent_union":"u736"},"1443":{"id":1443,"title":null,"name":"Charles Alexander of_Saxe-Weimar\/\/","appellative":null,"uid":null,"email":null,"phone":null,"birthday":null,"deathday":null,"bank":null,"bank_account":null,"obs":null,"created_by":null,"updated_by":null,"created_at":"2021-05-19T12:06:33.000000Z","updated_at":"2021-05-19T12:06:33.000000Z","gid":null,"givn":"Charles Alexander of_Saxe-Weimar\/\/","surn":null,"type":null,"npfx":null,"nick":null,"spfx":null,"nsfx":null,"sex":"M","description":null,"child_in_family_id":null,"deleted_at":null,"chan":null,"rin":null,"resn":null,"rfn":null,"afn":null,"own_unions":["u659"],"parent_union":"u"},"2481":{"id":2481,"title":null,"name":"Erwin  \/Stein\/","appellative":null,"uid":null,"email":null,"phone":null,"birthday":null,"deathday":null,"bank":null,"bank_account":null,"obs":null,"created_by":null,"updated_by":null,"created_at":"2021-05-19T12:06:48.000000Z","updated_at":"2021-05-19T12:06:48.000000Z","gid":null,"givn":"Erwin  \/Stein\/","surn":null,"type":null,"npfx":null,"nick":null,"spfx":null,"nsfx":null,"sex":"M","description":null,"child_in_family_id":null,"deleted_at":null,"chan":null,"rin":null,"resn":null,"rfn":null,"afn":null,"own_unions":["u1398"],"parent_union":"u"},"1446":{"id":1446,"title":null,"name":"Leopold_I George of_Saxe-Coburg\/\/","appellative":null,"uid":null,"email":null,"phone":null,"birthday":null,"deathday":null,"bank":null,"bank_account":null,"obs":null,"created_by":null,"updated_by":null,"created_at":"2021-05-19T12:06:33.000000Z","updated_at":"2021-05-19T12:07:09.000000Z","gid":null,"givn":"Leopold_I George of_Saxe-Coburg\/\/","surn":null,"type":null,"npfx":null,"nick":null,"spfx":null,"nsfx":null,"sex":"M","description":null,"child_in_family_id":1134,"deleted_at":null,"chan":null,"rin":null,"resn":null,"rfn":null,"afn":null,"own_unions":["u80","u662"],"parent_union":"u1134"},"142":{"id":142,"title":null,"name":"Charlotte Augusta \/Hanover\/","appellative":null,"uid":null,"email":null,"phone":null,"birthday":null,"deathday":null,"bank":null,"bank_account":null,"obs":null,"created_by":null,"updated_by":null,"created_at":"2021-05-19T12:06:16.000000Z","updated_at":"2021-05-19T12:06:49.000000Z","gid":null,"givn":"Charlotte Augusta \/Hanover\/","surn":null,"type":null,"npfx":null,"nick":null,"spfx":null,"nsfx":null,"sex":"F","description":null,"child_in_family_id":45,"deleted_at":null,"chan":null,"rin":null,"resn":null,"rfn":null,"afn":null,"own_unions":[80],"parent_union":"u45"},"243":{"id":243,"title":null,"name":"Louise Marie d'Orleans\/\/","appellative":null,"uid":null,"email":null,"phone":null,"birthday":null,"deathday":null,"bank":null,"bank_account":null,"obs":null,"created_by":null,"updated_by":null,"created_at":"2021-05-19T12:06:17.000000Z","updated_at":"2021-05-19T12:07:09.000000Z","gid":null,"givn":"Louise Marie d'Orleans\/\/","surn":null,"type":null,"npfx":null,"nick":null,"spfx":null,"nsfx":null,"sex":"F","description":null,"child_in_family_id":1173,"deleted_at":null,"chan":null,"rin":null,"resn":null,"rfn":null,"afn":null,"own_unions":[662],"parent_union":"u1173"},"2473":{"id":2473,"title":null,"name":"Antoinette  \/\/","appellative":null,"uid":null,"email":null,"phone":null,"birthday":null,"deathday":null,"bank":null,"bank_account":null,"obs":null,"created_by":null,"updated_by":null,"created_at":"2021-05-19T12:06:47.000000Z","updated_at":"2021-05-19T12:07:09.000000Z","gid":null,"givn":"Antoinette  \/\/","surn":null,"type":null,"npfx":null,"nick":null,"spfx":null,"nsfx":null,"sex":"F","description":null,"child_in_family_id":1134,"deleted_at":null,"chan":null,"rin":null,"resn":null,"rfn":null,"afn":null,"own_unions":[],"parent_union":"u1134"},"2474":{"id":2474,"title":null,"name":"Julie  \/\/","appellative":null,"uid":null,"email":null,"phone":null,"birthday":null,"deathday":null,"bank":null,"bank_account":null,"obs":null,"created_by":null,"updated_by":null,"created_at":"2021-05-19T12:06:47.000000Z","updated_at":"2021-05-19T12:07:09.000000Z","gid":null,"givn":"Julie  \/\/","surn":null,"type":null,"npfx":null,"nick":null,"spfx":null,"nsfx":null,"sex":"F","description":null,"child_in_family_id":1134,"deleted_at":null,"chan":null,"rin":null,"resn":null,"rfn":null,"afn":null,"own_unions":[],"parent_union":"u1134"},"1":{"id":1,"title":null,"name":"Victoria  \/Hanover\/","appellative":null,"uid":null,"email":null,"phone":null,"birthday":null,"deathday":null,"bank":null,"bank_account":null,"obs":null,"created_by":null,"updated_by":null,"created_at":"2021-05-19T12:06:14.000000Z","updated_at":"2021-05-19T12:06:49.000000Z","gid":null,"givn":"Victoria  \/Hanover\/","surn":null,"type":null,"npfx":null,"nick":null,"spfx":null,"nsfx":null,"sex":"F","description":null,"child_in_family_id":42,"deleted_at":null,"chan":null,"rin":null,"resn":null,"rfn":null,"afn":null,"own_unions":[1],"parent_union":"u42"},"3":{"id":3,"title":null,"name":"Victoria Adelaide Mary\/\/","appellative":null,"uid":null,"email":null,"phone":null,"birthday":null,"deathday":null,"bank":null,"bank_account":null,"obs":null,"created_by":null,"updated_by":null,"created_at":"2021-05-19T12:06:14.000000Z","updated_at":"2021-05-19T12:06:48.000000Z","gid":null,"givn":"Victoria Adelaide Mary\/\/","surn":null,"type":null,"npfx":null,"nick":null,"spfx":null,"nsfx":null,"sex":"F","description":null,"child_in_family_id":1,"deleted_at":null,"chan":null,"rin":null,"resn":null,"rfn":null,"afn":null,"own_unions":["u3"],"parent_union":"u1"},"20":{"id":20,"title":null,"name":"Frederick_III  \/\/","appellative":null,"uid":null,"email":null,"phone":null,"birthday":null,"deathday":null,"bank":null,"bank_account":null,"obs":null,"created_by":null,"updated_by":null,"created_at":"2021-05-19T12:06:14.000000Z","updated_at":"2021-05-19T18:36:11.000000Z","gid":null,"givn":"Frederick_III  \/\/","surn":null,"type":null,"npfx":null,"nick":null,"spfx":null,"nsfx":null,"sex":"M","description":null,"child_in_family_id":634,"deleted_at":null,"chan":null,"rin":null,"resn":null,"rfn":null,"afn":null,"own_unions":["u3","u636"],"parent_union":"u634"},"1406":{"id":1406,"title":null,"name":"Christian_IV  \/\/","appellative":null,"uid":null,"email":null,"phone":null,"birthday":null,"deathday":null,"bank":null,"bank_account":null,"obs":null,"created_by":null,"updated_by":null,"created_at":"2021-05-19T12:06:32.000000Z","updated_at":"2021-05-19T12:06:54.000000Z","gid":null,"givn":"Christian_IV  \/\/","surn":null,"type":null,"npfx":null,"nick":null,"spfx":null,"nsfx":null,"sex":"M","description":null,"child_in_family_id":268,"deleted_at":null,"chan":null,"rin":null,"resn":null,"rfn":null,"afn":null,"own_unions":["u634","u635"],"parent_union":"u268"},"1407":{"id":1407,"title":null,"name":"Anne Catherine \/\/","appellative":null,"uid":null,"email":null,"phone":null,"birthday":null,"deathday":null,"bank":null,"bank_account":null,"obs":null,"created_by":null,"updated_by":null,"created_at":"2021-05-19T12:06:32.000000Z","updated_at":"2021-05-19T12:07:07.000000Z","gid":null,"givn":"Anne Catherine \/\/","surn":null,"type":null,"npfx":null,"nick":null,"spfx":null,"nsfx":null,"sex":"F","description":null,"child_in_family_id":1043,"deleted_at":null,"chan":null,"rin":null,"resn":null,"rfn":null,"afn":null,"own_unions":[634],"parent_union":"u1043"},"1408":{"id":1408,"title":null,"name":"Christine of_Schleswig- Holstein\/\/","appellative":null,"uid":null,"email":null,"phone":null,"birthday":null,"deathday":null,"bank":null,"bank_account":null,"obs":null,"created_by":null,"updated_by":null,"created_at":"2021-05-19T12:06:32.000000Z","updated_at":"2021-05-19T12:06:32.000000Z","gid":null,"givn":"Christine of_Schleswig- Holstein\/\/","surn":null,"type":null,"npfx":null,"nick":null,"spfx":null,"nsfx":null,"sex":"F","description":null,"child_in_family_id":null,"deleted_at":null,"chan":null,"rin":null,"resn":null,"rfn":null,"afn":null,"own_unions":[635],"parent_union":"u"},"21":{"id":21,"title":null,"name":"William_II  \/\/","appellative":null,"uid":null,"email":null,"phone":null,"birthday":null,"deathday":null,"bank":null,"bank_account":null,"obs":null,"created_by":null,"updated_by":null,"created_at":"2021-05-19T12:06:14.000000Z","updated_at":"2021-05-19T12:06:48.000000Z","gid":null,"givn":"William_II  \/\/","surn":null,"type":null,"npfx":null,"nick":null,"spfx":null,"nsfx":null,"sex":"M","description":null,"child_in_family_id":3,"deleted_at":null,"chan":null,"rin":null,"resn":null,"rfn":null,"afn":null,"own_unions":["u136","u146"],"parent_union":"u3"},"386":{"id":386,"title":null,"name":"Augusta of_Schleswig- Holstein-\/\/","appellative":null,"uid":null,"email":null,"phone":null,"birthday":null,"deathday":null,"bank":null,"bank_account":null,"obs":null,"created_by":null,"updated_by":null,"created_at":"2021-05-19T12:06:19.000000Z","updated_at":"2021-05-19T12:06:19.000000Z","gid":null,"givn":"Augusta of_Schleswig- Holstein-\/\/","surn":null,"type":null,"npfx":null,"nick":null,"spfx":null,"nsfx":null,"sex":"F","description":null,"child_in_family_id":null,"deleted_at":null,"chan":null,"rin":null,"resn":null,"rfn":null,"afn":null,"own_unions":[136],"parent_union":"u"},"401":{"id":401,"title":null,"name":"Hermine of_Reuss \/\/","appellative":null,"uid":null,"email":null,"phone":null,"birthday":null,"deathday":null,"bank":null,"bank_account":null,"obs":null,"created_by":null,"updated_by":null,"created_at":"2021-05-19T12:06:19.000000Z","updated_at":"2021-05-19T12:06:19.000000Z","gid":null,"givn":"Hermine of_Reuss \/\/","surn":null,"type":null,"npfx":null,"nick":null,"spfx":null,"nsfx":null,"sex":"F","description":null,"child_in_family_id":null,"deleted_at":null,"chan":null,"rin":null,"resn":null,"rfn":null,"afn":null,"own_unions":[146,278],"parent_union":"u"},"72":{"id":72,"title":null,"name":"Henry of_Prussia \/\/","appellative":null,"uid":null,"email":null,"phone":null,"birthday":null,"deathday":null,"bank":null,"bank_account":null,"obs":null,"created_by":null,"updated_by":null,"created_at":"2021-05-19T12:06:15.000000Z","updated_at":"2021-05-19T12:06:48.000000Z","gid":null,"givn":"Henry of_Prussia \/\/","surn":null,"type":null,"npfx":null,"nick":null,"spfx":null,"nsfx":null,"sex":"M","description":null,"child_in_family_id":3,"deleted_at":null,"chan":null,"rin":null,"resn":null,"rfn":null,"afn":null,"own_unions":["u22"],"parent_union":"u3"},"79":{"id":79,"title":null,"name":"Irene of_Hesse \/\/","appellative":null,"uid":null,"email":null,"phone":null,"birthday":null,"deathday":null,"bank":null,"bank_account":null,"obs":null,"created_by":null,"updated_by":null,"created_at":"2021-05-19T12:06:15.000000Z","updated_at":"2021-05-19T12:06:48.000000Z","gid":null,"givn":"Irene of_Hesse \/\/","surn":null,"type":null,"npfx":null,"nick":null,"spfx":null,"nsfx":null,"sex":"F","description":null,"child_in_family_id":8,"deleted_at":null,"chan":null,"rin":null,"resn":null,"rfn":null,"afn":null,"own_unions":[22],"parent_union":"u8"},"73":{"id":73,"title":null,"name":"Sigismund  \/\/","appellative":null,"uid":null,"email":null,"phone":null,"birthday":null,"deathday":null,"bank":null,"bank_account":null,"obs":null,"created_by":null,"updated_by":null,"created_at":"2021-05-19T12:06:15.000000Z","updated_at":"2021-05-19T12:06:48.000000Z","gid":null,"givn":"Sigismund  \/\/","surn":null,"type":null,"npfx":null,"nick":null,"spfx":null,"nsfx":null,"sex":"M","description":null,"child_in_family_id":3,"deleted_at":null,"chan":null,"rin":null,"resn":null,"rfn":null,"afn":null,"own_unions":[],"parent_union":"u3"},"74":{"id":74,"title":null,"name":"Victoria  \/\/","appellative":null,"uid":null,"email":null,"phone":null,"birthday":null,"deathday":null,"bank":null,"bank_account":null,"obs":null,"created_by":null,"updated_by":null,"created_at":"2021-05-19T12:06:15.000000Z","updated_at":"2021-05-19T12:06:48.000000Z","gid":null,"givn":"Victoria  \/\/","surn":null,"type":null,"npfx":null,"nick":null,"spfx":null,"nsfx":null,"sex":"F","description":null,"child_in_family_id":3,"deleted_at":null,"chan":null,"rin":null,"resn":null,"rfn":null,"afn":null,"own_unions":["u138","u441"],"parent_union":"u3"},"388":{"id":388,"title":null,"name":"Adolphus of_Schaumburg- Lippe\/\/","appellative":null,"uid":null,"email":null,"phone":null,"birthday":null,"deathday":null,"bank":null,"bank_account":null,"obs":null,"created_by":null,"updated_by":null,"created_at":"2021-05-19T12:06:19.000000Z","updated_at":"2021-05-19T12:06:19.000000Z","gid":null,"givn":"Adolphus of_Schaumburg- Lippe\/\/","surn":null,"type":null,"npfx":null,"nick":null,"spfx":null,"nsfx":null,"sex":"M","description":null,"child_in_family_id":null,"deleted_at":null,"chan":null,"rin":null,"resn":null,"rfn":null,"afn":null,"own_unions":["u138"],"parent_union":"u"},"1068":{"id":1068,"title":null,"name":"Alexander  \/Zoubkoff\/","appellative":null,"uid":null,"email":null,"phone":null,"birthday":null,"deathday":null,"bank":null,"bank_account":null,"obs":null,"created_by":null,"updated_by":null,"created_at":"2021-05-19T12:06:28.000000Z","updated_at":"2021-05-19T12:06:28.000000Z","gid":null,"givn":"Alexander  \/Zoubkoff\/","surn":null,"type":null,"npfx":null,"nick":null,"spfx":null,"nsfx":null,"sex":"M","description":null,"child_in_family_id":null,"deleted_at":null,"chan":null,"rin":null,"resn":null,"rfn":null,"afn":null,"own_unions":["u441"],"parent_union":"u"},"76":{"id":76,"title":null,"name":"Sophie of_Prussia \/\/","appellative":null,"uid":null,"email":null,"phone":null,"birthday":null,"deathday":null,"bank":null,"bank_account":null,"obs":null,"created_by":null,"updated_by":null,"created_at":"2021-05-19T12:06:15.000000Z","updated_at":"2021-05-19T12:06:48.000000Z","gid":null,"givn":"Sophie of_Prussia \/\/","surn":null,"type":null,"npfx":null,"nick":null,"spfx":null,"nsfx":null,"sex":"F","description":null,"child_in_family_id":3,"deleted_at":null,"chan":null,"rin":null,"resn":null,"rfn":null,"afn":null,"own_unions":["u139"],"parent_union":"u3"},"389":{"id":389,"title":null,"name":"Constantine_I  \/Oldenburg\/","appellative":null,"uid":null,"email":null,"phone":null,"birthday":null,"deathday":null,"bank":null,"bank_account":null,"obs":null,"created_by":null,"updated_by":null,"created_at":"2021-05-19T12:06:19.000000Z","updated_at":"2021-05-19T12:06:50.000000Z","gid":null,"givn":"Constantine_I  \/Oldenburg\/","surn":null,"type":null,"npfx":null,"nick":null,"spfx":null,"nsfx":null,"sex":"M","description":null,"child_in_family_id":75,"deleted_at":null,"chan":null,"rin":null,"resn":null,"rfn":null,"afn":null,"own_unions":["u139"],"parent_union":"u75"},"77":{"id":77,"title":null,"name":"Charlotte of_Saxe- Meiningen\/\/","appellative":null,"uid":null,"email":null,"phone":null,"birthday":null,"deathday":null,"bank":null,"bank_account":null,"obs":null,"created_by":null,"updated_by":null,"created_at":"2021-05-19T12:06:15.000000Z","updated_at":"2021-05-19T12:06:48.000000Z","gid":null,"givn":"Charlotte of_Saxe- Meiningen\/\/","surn":null,"type":null,"npfx":null,"nick":null,"spfx":null,"nsfx":null,"sex":"F","description":null,"child_in_family_id":3,"deleted_at":null,"chan":null,"rin":null,"resn":null,"rfn":null,"afn":null,"own_unions":["u137"],"parent_union":"u3"},"387":{"id":387,"title":null,"name":"Bernard of_Saxe- Meiningen\/\/","appellative":null,"uid":null,"email":null,"phone":null,"birthday":null,"deathday":null,"bank":null,"bank_account":null,"obs":null,"created_by":null,"updated_by":null,"created_at":"2021-05-19T12:06:19.000000Z","updated_at":"2021-05-19T12:06:19.000000Z","gid":null,"givn":"Bernard of_Saxe- Meiningen\/\/","surn":null,"type":null,"npfx":null,"nick":null,"spfx":null,"nsfx":null,"sex":"M","description":null,"child_in_family_id":null,"deleted_at":null,"chan":null,"rin":null,"resn":null,"rfn":null,"afn":null,"own_unions":["u137"],"parent_union":"u"},"78":{"id":78,"title":null,"name":"Margarete of_Hesse \/\/","appellative":null,"uid":null,"email":null,"phone":null,"birthday":null,"deathday":null,"bank":null,"bank_account":null,"obs":null,"created_by":null,"updated_by":null,"created_at":"2021-05-19T12:06:15.000000Z","updated_at":"2021-05-19T12:06:48.000000Z","gid":null,"givn":"Margarete of_Hesse \/\/","surn":null,"type":null,"npfx":null,"nick":null,"spfx":null,"nsfx":null,"sex":"F","description":null,"child_in_family_id":3,"deleted_at":null,"chan":null,"rin":null,"resn":null,"rfn":null,"afn":null,"own_unions":["u140"],"parent_union":"u3"},"390":{"id":390,"title":null,"name":"Frederick Charles of_Hesse\/\/","appellative":null,"uid":null,"email":null,"phone":null,"birthday":null,"deathday":null,"bank":null,"bank_account":null,"obs":null,"created_by":null,"updated_by":null,"created_at":"2021-05-19T12:06:19.000000Z","updated_at":"2021-05-19T12:06:19.000000Z","gid":null,"givn":"Frederick Charles of_Hesse\/\/","surn":null,"type":null,"npfx":null,"nick":null,"spfx":null,"nsfx":null,"sex":"M","description":null,"child_in_family_id":null,"deleted_at":null,"chan":null,"rin":null,"resn":null,"rfn":null,"afn":null,"own_unions":["u140"],"parent_union":"u"},"4":{"id":4,"title":null,"name":"Edward_VII  \/Wettin\/","appellative":null,"uid":null,"email":null,"phone":null,"birthday":null,"deathday":null,"bank":null,"bank_account":null,"obs":null,"created_by":null,"updated_by":null,"created_at":"2021-05-19T12:06:14.000000Z","updated_at":"2021-05-19T12:06:48.000000Z","gid":null,"givn":"Edward_VII  \/Wettin\/","surn":null,"type":null,"npfx":null,"nick":null,"spfx":null,"nsfx":null,"sex":"M","description":null,"child_in_family_id":1,"deleted_at":null,"chan":null,"rin":null,"resn":null,"rfn":null,"afn":null,"own_unions":["u2"],"parent_union":"u1"},"12":{"id":12,"title":null,"name":"Alexandra of_Denmark \"Alix\"\/\/","appellative":null,"uid":null,"email":null,"phone":null,"birthday":null,"deathday":null,"bank":null,"bank_account":null,"obs":null,"created_by":null,"updated_by":null,"created_at":"2021-05-19T12:06:14.000000Z","updated_at":"2021-05-19T12:06:50.000000Z","gid":null,"givn":"Alexandra of_Denmark \"Alix\"\/\/","surn":null,"type":null,"npfx":null,"nick":null,"spfx":null,"nsfx":null,"sex":"F","description":null,"child_in_family_id":74,"deleted_at":null,"chan":null,"rin":null,"resn":null,"rfn":null,"afn":null,"own_unions":[2],"parent_union":"u74"},"5":{"id":5,"title":null,"name":"Alice Maud Mary\/\/","appellative":null,"uid":null,"email":null,"phone":null,"birthday":null,"deathday":null,"bank":null,"bank_account":null,"obs":null,"created_by":null,"updated_by":null,"created_at":"2021-05-19T12:06:14.000000Z","updated_at":"2021-05-19T12:06:48.000000Z","gid":null,"givn":"Alice Maud Mary\/\/","surn":null,"type":null,"npfx":null,"nick":null,"spfx":null,"nsfx":null,"sex":"F","description":null,"child_in_family_id":1,"deleted_at":null,"chan":null,"rin":null,"resn":null,"rfn":null,"afn":null,"own_unions":["u8"],"parent_union":"u1"},"22":{"id":22,"title":null,"name":"Louis_IV of_Hesse \/\/","appellative":null,"uid":null,"email":null,"phone":null,"birthday":null,"deathday":null,"bank":null,"bank_account":null,"obs":null,"created_by":null,"updated_by":null,"created_at":"2021-05-19T12:06:14.000000Z","updated_at":"2021-05-19T12:06:51.000000Z","gid":null,"givn":"Louis_IV of_Hesse \/\/","surn":null,"type":null,"npfx":null,"nick":null,"spfx":null,"nsfx":null,"sex":"M","description":null,"child_in_family_id":114,"deleted_at":null,"chan":null,"rin":null,"resn":null,"rfn":null,"afn":null,"own_unions":["u8"],"parent_union":"u114"},"6":{"id":6,"title":null,"name":"Alfred Ernest Albert\/\/","appellative":null,"uid":null,"email":null,"phone":null,"birthday":null,"deathday":null,"bank":null,"bank_account":null,"obs":null,"created_by":null,"updated_by":null,"created_at":"2021-05-19T12:06:14.000000Z","updated_at":"2021-05-19T12:06:48.000000Z","gid":null,"givn":"Alfred Ernest Albert\/\/","surn":null,"type":null,"npfx":null,"nick":null,"spfx":null,"nsfx":null,"sex":"M","description":null,"child_in_family_id":1,"deleted_at":null,"chan":null,"rin":null,"resn":null,"rfn":null,"afn":null,"own_unions":["u26"],"parent_union":"u1"},"93":{"id":93,"title":null,"name":"Marie Alexandrovna \/\/","appellative":null,"uid":null,"email":null,"phone":null,"birthday":null,"deathday":null,"bank":null,"bank_account":null,"obs":null,"created_by":null,"updated_by":null,"created_at":"2021-05-19T12:06:15.000000Z","updated_at":"2021-05-19T12:06:48.000000Z","gid":null,"givn":"Marie Alexandrovna \/\/","surn":null,"type":null,"npfx":null,"nick":null,"spfx":null,"nsfx":null,"sex":"F","description":null,"child_in_family_id":11,"deleted_at":null,"chan":null,"rin":null,"resn":null,"rfn":null,"afn":null,"own_unions":[26],"parent_union":"u11"},"7":{"id":7,"title":null,"name":"Helena Augusta Victoria\/\/","appellative":null,"uid":null,"email":null,"phone":null,"birthday":null,"deathday":null,"bank":null,"bank_account":null,"obs":null,"created_by":null,"updated_by":null,"created_at":"2021-05-19T12:06:14.000000Z","updated_at":"2021-05-19T12:06:48.000000Z","gid":null,"givn":"Helena Augusta Victoria\/\/","surn":null,"type":null,"npfx":null,"nick":null,"spfx":null,"nsfx":null,"sex":"F","description":null,"child_in_family_id":1,"deleted_at":null,"chan":null,"rin":null,"resn":null,"rfn":null,"afn":null,"own_unions":["u32"],"parent_union":"u1"},"116":{"id":116,"title":null,"name":"(Frederick) Christian Charles\/\/","appellative":null,"uid":null,"email":null,"phone":null,"birthday":null,"deathday":null,"bank":null,"bank_account":null,"obs":null,"created_by":null,"updated_by":null,"created_at":"2021-05-19T12:06:15.000000Z","updated_at":"2021-05-19T12:06:15.000000Z","gid":null,"givn":"(Frederick) Christian Charles\/\/","surn":null,"type":null,"npfx":null,"nick":null,"spfx":null,"nsfx":null,"sex":"M","description":null,"child_in_family_id":null,"deleted_at":null,"chan":null,"rin":null,"resn":null,"rfn":null,"afn":null,"own_unions":["u32"],"parent_union":"u"},"8":{"id":8,"title":null,"name":"Louise Caroline Alberta\/\/","appellative":null,"uid":null,"email":null,"phone":null,"birthday":null,"deathday":null,"bank":null,"bank_account":null,"obs":null,"created_by":null,"updated_by":null,"created_at":"2021-05-19T12:06:14.000000Z","updated_at":"2021-05-19T12:06:48.000000Z","gid":null,"givn":"Louise Caroline Alberta\/\/","surn":null,"type":null,"npfx":null,"nick":null,"spfx":null,"nsfx":null,"sex":"F","description":null,"child_in_family_id":1,"deleted_at":null,"chan":null,"rin":null,"resn":null,"rfn":null,"afn":null,"own_unions":["u69"],"parent_union":"u1"},"199":{"id":199,"title":null,"name":"John  \/Campbell\/","appellative":null,"uid":null,"email":null,"phone":null,"birthday":null,"deathday":null,"bank":null,"bank_account":null,"obs":null,"created_by":null,"updated_by":null,"created_at":"2021-05-19T12:06:16.000000Z","updated_at":"2021-05-19T12:06:16.000000Z","gid":null,"givn":"John  \/Campbell\/","surn":null,"type":null,"npfx":null,"nick":null,"spfx":null,"nsfx":null,"sex":"M","description":null,"child_in_family_id":null,"deleted_at":null,"chan":null,"rin":null,"resn":null,"rfn":null,"afn":null,"own_unions":["u69"],"parent_union":"u"},"9":{"id":9,"title":null,"name":"Arthur William Patrick\/\/","appellative":null,"uid":null,"email":null,"phone":null,"birthday":null,"deathday":null,"bank":null,"bank_account":null,"obs":null,"created_by":null,"updated_by":null,"created_at":"2021-05-19T12:06:14.000000Z","updated_at":"2021-05-19T12:06:48.000000Z","gid":null,"givn":"Arthur William Patrick\/\/","surn":null,"type":null,"npfx":null,"nick":null,"spfx":null,"nsfx":null,"sex":"M","description":null,"child_in_family_id":1,"deleted_at":null,"chan":null,"rin":null,"resn":null,"rfn":null,"afn":null,"own_unions":["u34"],"parent_union":"u1"},"119":{"id":119,"title":null,"name":"Louise Margaret of_Prussia\/\/","appellative":null,"uid":null,"email":null,"phone":null,"birthday":null,"deathday":null,"bank":null,"bank_account":null,"obs":null,"created_by":null,"updated_by":null,"created_at":"2021-05-19T12:06:15.000000Z","updated_at":"2021-05-19T12:06:50.000000Z","gid":null,"givn":"Louise Margaret of_Prussia\/\/","surn":null,"type":null,"npfx":null,"nick":null,"spfx":null,"nsfx":null,"sex":"F","description":null,"child_in_family_id":68,"deleted_at":null,"chan":null,"rin":null,"resn":null,"rfn":null,"afn":null,"own_unions":[34],"parent_union":"u68"},"10":{"id":10,"title":null,"name":"Leopold George Duncan\/\/","appellative":null,"uid":null,"email":null,"phone":null,"birthday":null,"deathday":null,"bank":null,"bank_account":null,"obs":null,"created_by":null,"updated_by":null,"created_at":"2021-05-19T12:06:14.000000Z","updated_at":"2021-05-19T12:06:48.000000Z","gid":null,"givn":"Leopold George Duncan\/\/","surn":null,"type":null,"npfx":null,"nick":null,"spfx":null,"nsfx":null,"sex":"M","description":null,"child_in_family_id":1,"deleted_at":null,"chan":null,"rin":null,"resn":null,"rfn":null,"afn":null,"own_unions":["u5"],"parent_union":"u1"},"23":{"id":23,"title":null,"name":"Helena Frederica of_Waldeck\/\/","appellative":null,"uid":null,"email":null,"phone":null,"birthday":null,"deathday":null,"bank":null,"bank_account":null,"obs":null,"created_by":null,"updated_by":null,"created_at":"2021-05-19T12:06:14.000000Z","updated_at":"2021-05-19T12:06:50.000000Z","gid":null,"givn":"Helena Frederica of_Waldeck\/\/","surn":null,"type":null,"npfx":null,"nick":null,"spfx":null,"nsfx":null,"sex":"F","description":null,"child_in_family_id":67,"deleted_at":null,"chan":null,"rin":null,"resn":null,"rfn":null,"afn":null,"own_unions":[5],"parent_union":"u67"},"11":{"id":11,"title":null,"name":"Beatrice Mary Victoria\/\/","appellative":null,"uid":null,"email":null,"phone":null,"birthday":null,"deathday":null,"bank":null,"bank_account":null,"obs":null,"created_by":null,"updated_by":null,"created_at":"2021-05-19T12:06:14.000000Z","updated_at":"2021-05-19T12:06:48.000000Z","gid":null,"givn":"Beatrice Mary Victoria\/\/","surn":null,"type":null,"npfx":null,"nick":null,"spfx":null,"nsfx":null,"sex":"F","description":null,"child_in_family_id":1,"deleted_at":null,"chan":null,"rin":null,"resn":null,"rfn":null,"afn":null,"own_unions":["u6"],"parent_union":"u1"},"25":{"id":25,"title":null,"name":"Henry Maurice of_Battenberg\/\/","appellative":null,"uid":null,"email":null,"phone":null,"birthday":null,"deathday":null,"bank":null,"bank_account":null,"obs":null,"created_by":null,"updated_by":null,"created_at":"2021-05-19T12:06:14.000000Z","updated_at":"2021-05-19T12:06:51.000000Z","gid":null,"givn":"Henry Maurice of_Battenberg\/\/","surn":null,"type":null,"npfx":null,"nick":null,"spfx":null,"nsfx":null,"sex":"M","description":null,"child_in_family_id":109,"deleted_at":null,"chan":null,"rin":null,"resn":null,"rfn":null,"afn":null,"own_unions":["u6"],"parent_union":"u109"}},"unions":{"u70":{"id":"u70","partner":[2054,null],"children":[]},"u1134":{"id":"u1134","partner":[2054,2192],"children":[136,137,203,880,1446,2473,2474]},"u1353":{"id":"u1353","partner":[2054,440],"children":[]},"u1355":{"id":"u1355","partner":[1480,2417],"children":[]},"u43":{"id":"u43","partner":[137,138],"children":[2,1480]},"u1316":{"id":"u1316","partner":[2375,null],"children":[204]},"u1354":{"id":"u1354","partner":[137,204],"children":[]},"u42":{"id":"u42","partner":[131,136],"children":[1]},"u1394":{"id":"u1394","partner":[2475,136],"children":[]},"u648":{"id":"u648","partner":[203,533],"children":[]},"u1356":{"id":"u1356","partner":[203,2418],"children":[]},"u532":{"id":"u532","partner":[706,880],"children":[]},"u639":{"id":"u639","partner":[693,880],"children":[]},"u659":{"id":"u659","partner":[1443,880],"children":[]},"u1398":{"id":"u1398","partner":[2481,880],"children":[281]},"u80":{"id":"u80","partner":[1446,142],"children":[]},"u662":{"id":"u662","partner":[1446,243],"children":[28,996,1447,1448]},"u634":{"id":"u634","partner":[1406,1407],"children":[20]},"u635":{"id":"u635","partner":[1406,1408],"children":[]},"u136":{"id":"u136","partner":[21,386],"children":[403,408]},"u146":{"id":"u146","partner":[21,401],"children":[]},"u22":{"id":"u22","partner":[72,79],"children":[75,81]},"u138":{"id":"u138","partner":[388,74],"children":[]},"u441":{"id":"u441","partner":[1068,74],"children":[]},"u139":{"id":"u139","partner":[389,76],"children":[228,229,230,231,232,420]},"u137":{"id":"u137","partner":[387,77],"children":[]},"u140":{"id":"u140","partner":[390,78],"children":[]},"u3":{"id":"u3","partner":[20,3],"children":[21,72,73,74,76,77,78]},"u2":{"id":"u2","partner":[4,12],"children":[13,14,15,16,17,18]},"u8":{"id":"u8","partner":[22,5],"children":[38,39,79,82,83,84]},"u26":{"id":"u26","partner":[6,93],"children":[94,95,96]},"u32":{"id":"u32","partner":[116,7],"children":[297,298,299,300]},"u69":{"id":"u69","partner":[199,8],"children":[]},"u34":{"id":"u34","partner":[9,119],"children":[120,121,122]},"u5":{"id":"u5","partner":[10,23],"children":[24]},"u6":{"id":"u6","partner":[25,11],"children":[26,27]},"u1":{"id":"u1","partner":[2,1],"children":[3,4,5,6,7,8,9,10,11]}},"links":[["u109",25],[25,"u6"],["u1",11],[11,"u6"],["u67",23],[23,"u5"],["u1",10],[10,"u5"],["u68",119],[119,"u34"],["u1",9],[9,"u34"],[199,"u69"],["u1",8],[8,"u69"],[116,"u32"],["u1",7],[7,"u32"],["u11",93],[93,"u26"],["u1",6],[6,"u26"],["u114",22],[22,"u8"],["u1",5],[5,"u8"],["u74",12],[12,"u2"],["u1",4],[4,"u2"],[390,"u140"],["u3",78],[78,"u140"],[387,"u137"],["u3",77],[77,"u137"],["u75",389],[389,"u139"],["u3",76],[76,"u139"],[1068,"u441"],[388,"u138"],["u3",74],[74,"u441"],[74,"u138"],["u3",73],["u8",79],[79,"u22"],["u3",72],[72,"u22"],[401,"u146"],[386,"u136"],["u3",21],[21,"u146"],[21,"u136"],[1408,"u635"],["u1043",1407],[1407,"u634"],["u268",1406],[1406,"u635"],[1406,"u634"],["u634",20],[20,"u3"],["u1",3],[3,"u3"],["u42",1],[1,"u1"],["u1134",2474],["u1134",2473],["u1173",243],[243,"u662"],["u45",142],[142,"u80"],["u1134",1446],[1446,"u662"],[1446,"u80"],[2481,"u1398"],[1443,"u659"],["u736",693],[693,"u639"],[706,"u532"],["u1134",880],[880,"u1398"],[880,"u659"],[880,"u639"],[880,"u532"],[2418,"u1356"],["u647",533],[533,"u648"],["u1134",203],[203,"u1356"],[203,"u648"],[2475,"u1394"],["u105",131],[131,"u42"],["u1134",136],[136,"u1394"],[136,"u42"],[2375,"u1316"],["u1316",204],[204,"u1354"],[2417,"u1355"],["u43",1480],[1480,"u1355"],[138,"u43"],["u1289",440],[440,"u1353"],["u1214",2192],[2192,"u1134"],["u1346",2054],[2054,"u1353"],[2054,"u1134"],[2054,"u70"],["u1134",137],[137,"u1354"],[137,"u43"],["u43",2],[2,"u1"]],"all":null,"family_id":["father109","first1","mother67","mother67","first1","mother68","mother68","first1","first1","first1","mother11","mother11","first1","father114","first1","mother74","mother74","first1","first3","first3","father75","first3","first3","first3","mother8","mother8","first3","first3","mother1043","mother1043","first268","father634","first1","mother42","mother42","first1134","first1134","mother1173","mother1173","mother45","mother45","first1134","father736","first1134","mother647","mother647","first1134","father105","first1134","mother1316","mother1316","first43","mother1289","mother1289","mother1214","mother1214","first1346","first1134","first43"],"person_id":[],"start_id":["family_in_child_id1","family_in_child_id1","family_in_child_id1","family_in_child_id1","family_in_child_id1","family_in_child_id1","family_in_child_id1","family_in_child_id1","family_in_child_id3","family_in_child_id3","family_in_child_id3","family_in_child_id3","family_in_child_id3","family_in_child_id3","family_in_child_id3","family_in_child_id268","family_in_child_id1","family_in_child_id1134","family_in_child_id1134","family_in_child_id1134","family_in_child_id1134","family_in_child_id1134","family_in_child_id1134","family_in_child_id","family_in_child_id43","family_in_child_id1346","family_in_child_id1134","family_in_child_id43"],"child_id":[]}
